{
  "checkpoint": "outputs/checkpoints/student_baseline_best",
  "device": "cpu",
  "splits": {
    "test": {
      "accuracy": 0.990979381443299,
      "confusion_matrix": [
        [
          676,
          2
        ],
        [
          5,
          93
        ]
      ],
      "f1": 0.9637305699481865,
      "precision": 0.9789473684210527,
      "recall": 0.9489795918367347,
      "samples": 776
    },
    "val": {
      "accuracy": 0.9935567010309279,
      "confusion_matrix": [
        [
          678,
          0
        ],
        [
          5,
          93
        ]
      ],
      "f1": 0.9738219895287958,
      "precision": 1.0,
      "recall": 0.9489795918367347,
      "samples": 776
    }
  }
}
