{
  "checkpoint": "outputs/checkpoints/teacher_best",
  "checkpoint_saved_at": "2026-05-17 02:25:33",
  "device": "cpu",
  "model_size_bytes": 437958624,
  "splits": {
    "test": {
      "accuracy": 0.990979381443299,
      "classification_report": {
        "ham": {
          "f1": 0.9948339483394834,
          "precision": 0.9955686853766617,
          "recall": 0.9941002949852508,
          "support": 678
        },
        "spam": {
          "f1": 0.9644670050761421,
          "precision": 0.9595959595959596,
          "recall": 0.9693877551020408,
          "support": 98
        }
      },
      "confusion_matrix": [
        [
          674,
          4
        ],
        [
          3,
          95
        ]
      ],
      "f1": 0.9644670050761421,
      "precision": 0.9595959595959596,
      "recall": 0.9693877551020408,
      "samples": 776
    },
    "val": {
      "accuracy": 0.9935567010309279,
      "classification_report": {
        "ham": {
          "f1": 0.9963188512141281,
          "precision": 0.9941262848751836,
          "recall": 0.9985250737463127,
          "support": 678
        },
        "spam": {
          "f1": 0.9740932642487047,
          "precision": 0.9894736842105263,
          "recall": 0.9591836734693877,
          "support": 98
        }
      },
      "confusion_matrix": [
        [
          677,
          1
        ],
        [
          4,
          94
        ]
      ],
      "f1": 0.9740932642487047,
      "precision": 0.9894736842105263,
      "recall": 0.9591836734693877,
      "samples": 776
    }
  }
}
